word,rating,count
amaze,5.0,12
da,5.0,12
delights,5.0,13
king,5.0,15
staples,5.0,12
surrounding,5.0,13
thee,5.0,13
dear,4.947,19
definite,4.947,19
nom,4.947,19
haves,4.944,18
complimentary,4.938,16
deliciously,4.929,14
pounds,4.929,14
provide,4.929,14
ca,4.923,13
circle,4.923,13
ha,4.923,13
rose,4.923,13
inca,4.917,12
waistline,4.917,12
magical,4.889,18
member,4.889,18
world,4.886,123
addictive,4.885,26
northern,4.882,17
runs,4.882,17
southern,4.878,41
attentive,4.875,24
macaroons,4.875,16
native,4.875,16
mariquitas,4.871,31
closer,4.867,83
happiness,4.867,15
drool,4.861,36
california,4.86,93
clients,4.857,14
cravings,4.857,14
eatery,4.857,14
fruity,4.857,14
gain,4.857,14
gem,4.857,35
hasn,4.857,56
rock,4.857,14
notch,4.853,34
swear,4.85,20
types,4.85,20
fam,4.846,13
instantly,4.846,13
planning,4.846,26
smoothly,4.846,13
trust,4.846,52
yummmm,4.846,13
earth,4.844,32
ive,4.842,19
satisfy,4.842,19
streets,4.842,19
weight,4.842,19
buds,4.84,25
disappoints,4.84,25
fruits,4.84,25
north,4.84,25
fave,4.839,31
blow,4.833,12
childhood,4.833,12
closest,4.833,18
deciding,4.833,12
drawback,4.833,12
flew,4.833,12
gifts,4.833,12
meaty,4.833,24
rum,4.833,12
set,4.833,36
shakes,4.833,12
southwest,4.833,18
trips,4.833,12
intimidated,4.829,35
introduced,4.828,29
phenomenal,4.828,29
secret,4.826,23
monday,4.824,17
depending,4.821,28
discouraged,4.821,28
heavenly,4.821,56
staple,4.821,28
freakin,4.818,22
keeping,4.818,22
parents,4.818,22
perfection,4.818,66
preparada,4.818,44
studios,4.818,22
town,4.816,141
words,4.816,76
homemade,4.813,16
plane,4.813,16
reheat,4.813,16
speedy,4.813,16
staffed,4.813,16
bacon,4.811,37
wide,4.811,37
holy,4.81,42
lemon,4.81,42
summer,4.81,21
rellenitos,4.808,26
pleasure,4.806,31
addicted,4.8,25
catered,4.8,15
delight,4.8,20
florida,4.8,15
magic,4.8,15
peak,4.8,45
sf,4.8,25
tummy,4.8,20
favorites,4.799,204
watering,4.794,34
anytime,4.793,29
combination,4.793,29
heaven,4.793,174
hubby,4.793,29
crack,4.792,24
decadent,4.792,24
smell,4.792,24
convenient,4.789,19
nicely,4.789,19
sandwhiches,4.789,19
midnight,4.787,47
appetite,4.786,14
cortadito,4.786,14
drooling,4.786,14
obsessed,4.786,14
ride,4.786,28
squeezed,4.786,84
yea,4.786,14
reasonably,4.784,74
lovers,4.783,23
mmmm,4.783,23
reasons,4.783,23
scrumptious,4.781,32
god,4.779,86
sooo,4.779,68
angeles,4.778,72
cater,4.778,18
county,4.778,27
infamous,4.778,27
practically,4.778,18
raved,4.778,18
lucky,4.776,67
amazingly,4.774,62
delectable,4.774,53
faves,4.774,31
extensive,4.773,22
mojo,4.773,22
best,4.772,1104
south,4.771,35
drop,4.769,26
fries,4.769,13
gold,4.769,13
stayed,4.769,13
sun,4.769,13
shared,4.767,30
hits,4.765,17
hooked,4.765,34
mmmmm,4.762,21
omg,4.762,126
reading,4.762,42
efficiently,4.76,25
intimidating,4.76,25
los,4.76,75
mouth,4.76,196
oc,4.76,25
amazing,4.759,1263
mile,4.759,29
soooo,4.758,66
lived,4.756,82
everytime,4.755,53
blended,4.754,57
share,4.754,61
die,4.753,219
orange,4.753,150
socal,4.753,146
medianoche,4.752,141
appetizer,4.75,12
bits,4.75,16
cal,4.75,52
delightful,4.75,40
destination,4.75,12
dislike,4.75,20
gosh,4.75,12
managed,4.75,32
memories,4.75,12
omelet,4.75,20
plaintain,4.75,24
promise,4.75,12
ratio,4.75,20
sheer,4.75,12
spiced,4.75,12
boyfriend,4.747,91
incredible,4.747,87
freshly,4.746,67
parisian,4.746,63
reminds,4.744,39
desert,4.743,35
espresso,4.743,35
melts,4.742,31
beautifully,4.741,27
birthdays,4.741,27
love,4.741,1777
moves,4.741,259
noche,4.741,58
selections,4.741,27
pickles,4.74,50
awesome,4.739,380
delish,4.739,69
kinds,4.739,23
pricing,4.739,23
smooth,4.739,23
tender,4.739,46
addicting,4.738,42
highly,4.738,183
swiss,4.738,42
universal,4.737,19
samples,4.736,72
affordable,4.735,151
mmm,4.735,34
shake,4.735,34
cars,4.733,15
cheesecakes,4.733,15
lightly,4.733,30
favorite,4.732,590
tooth,4.732,56
perfectly,4.73,100
flan,4.729,59
ah,4.727,22
country,4.727,22
fabulous,4.727,44
gathering,4.727,11
lover,4.727,22
oven,4.727,44
pleasant,4.727,33
yum,4.727,198
frequent,4.724,29
disappoint,4.723,47
gotta,4.722,54
juice,4.722,115
mission,4.722,18
norcal,4.722,54
reviewed,4.722,18
delicious,4.721,1504
regret,4.72,50
recommend,4.719,377
bomb,4.717,120
live,4.717,247
muffin,4.717,60
advice,4.714,14
beach,4.714,14
cheeserolls,4.714,14
daily,4.714,35
favs,4.714,21
generous,4.714,14
gift,4.714,14
girlfriend,4.714,14
memory,4.714,14
nut,4.714,14
period,4.714,14
puffs,4.714,21
shortbread,4.714,14
slight,4.714,21
triple,4.714,49
west,4.714,28
absolute,4.712,52
rolls,4.712,1758
continue,4.71,31
haven,4.71,221
bet,4.708,24
deliciousness,4.708,48
inexpensive,4.708,72
thank,4.707,99
consistent,4.706,34
covered,4.706,34
excellent,4.706,194
fantastic,4.706,180
row,4.706,17
scared,4.706,17
speaks,4.706,17
spices,4.706,17
thanksgiving,4.706,17
trip,4.706,204
media,4.705,61
parties,4.705,78
chai,4.702,47
avocado,4.7,30
beautiful,4.7,120
carb,4.7,20
cuba,4.7,20
discovered,4.7,30
gorgeous,4.7,30
helpful,4.7,150
potatoe,4.7,50
superb,4.7,20
tiny,4.7,40
75,4.697,33
million,4.697,33
prices,4.697,522
reasonable,4.697,185
form,4.696,23
kisses,4.696,161
mini,4.696,46
velvet,4.695,190
downside,4.694,49
la,4.694,421
omelette,4.694,36
valley,4.694,72
visit,4.694,343
wonderful,4.694,147
23,4.692,13
fool,4.692,13
growing,4.692,13
kiss,4.692,52
listed,4.692,13
lord,4.692,13
panini,4.692,13
weather,4.692,13
westside,4.692,13
wonderfully,4.692,13
efficient,4.691,181
seriously,4.691,175
treats,4.691,149
ice,4.69,42
patient,4.69,71
personal,4.689,61
killer,4.688,16
marinated,4.688,16
papas,4.688,16
snack,4.688,48
goodies,4.687,195
pies,4.687,364
oh,4.686,363
visiting,4.686,102
dulce,4.685,305
single,4.685,92
classic,4.684,19
combo,4.684,19
deliver,4.684,19
deserts,4.684,57
headed,4.684,19
fresh,4.683,597
miami,4.683,63
papa,4.683,41
buttery,4.682,88
green,4.682,44
possibly,4.682,22
torta,4.682,157
traditional,4.682,22
stop,4.681,401
friendly,4.68,338
outdoor,4.68,25
absolutely,4.679,221
equally,4.679,28
fast,4.679,629
imagine,4.679,53
round,4.679,28
tamales,4.679,53
toasted,4.679,28
diego,4.677,31
gives,4.676,37
tapatio,4.676,34
lives,4.674,46
puff,4.673,52
quick,4.673,300
beat,4.671,73
worth,4.671,890
cupcakes,4.67,91
melt,4.67,94
croissants,4.669,172
grab,4.669,124
smoothie,4.669,293
60,4.667,15
bar,4.667,39
blend,4.667,15
breads,4.667,75
cali,4.667,12
cherry,4.667,33
constantly,4.667,30
crumbs,4.667,15
diet,4.667,51
dream,4.667,30
events,4.667,21
everyday,4.667,48
fajita,4.667,30
feast,4.667,12
guava,4.667,1439
holiday,4.667,33
impressive,4.667,27
ish,4.667,12
kick,4.667,18
mayonnaise,4.667,15
melted,4.667,21
mornings,4.667,18
mouthwatering,4.667,12
panera,4.667,12
passing,4.667,12
positive,4.667,15
quicker,4.667,15
rellenas,4.667,15
sampled,4.667,15
shocked,4.667,18
soups,4.667,30
sourdough,4.667,33
starting,4.667,12
surely,4.667,12
sweeter,4.667,21
tradition,4.667,12
varieties,4.667,15
wash,4.667,15
worry,4.667,42
selection,4.663,181
dozen,4.662,388
danish,4.661,165
horchata,4.661,109
plan,4.661,62
berries,4.66,50
cheese,4.66,3470
city,4.66,47
drive,4.66,212
mashed,4.66,156
wow,4.66,144
bean,4.657,35
croissant,4.657,461
entire,4.657,70
dozens,4.656,32
glad,4.656,90
spacious,4.656,32
eaten,4.655,84
express,4.655,29
meet,4.655,29
overwhelming,4.655,55
perfect,4.655,275
filled,4.654,254
guacamole,4.654,26
plus,4.653,124
grabbed,4.652,23
oiled,4.652,23
suggestions,4.652,23
thinking,4.652,69
ton,4.651,43
accommodating,4.65,20
bake,4.65,20
cappuccino,4.65,20
pleasantly,4.65,20
red,4.65,217
wondering,4.65,20
desserts,4.649,533
dollar,4.649,37
strudels,4.649,134
airport,4.648,88
goodness,4.648,142
locations,4.648,108
mango,4.648,440
quickly,4.648,395
aka,4.647,17
breakfast,4.647,309
compared,4.647,34
divine,4.647,34
leche,4.647,397
rocks,4.647,17
theres,4.647,17
tricky,4.647,17
vegas,4.647,17
choose,4.646,130
head,4.646,65
muffins,4.646,48
opened,4.646,48
organized,4.646,65
sample,4.646,82
savory,4.646,237
steak,4.646,229
individual,4.645,31
bring,4.644,275
surprise,4.644,45
bob,4.643,14
classy,4.643,14
flow,4.643,14
heck,4.643,28
included,4.643,14
italian,4.643,56
latte,4.643,126
legendary,4.643,14
longest,4.643,14
mojito,4.643,14
paste,4.643,14
pasties,4.643,14
savories,4.643,14
surrounded,4.643,14
tortas,4.643,14
yelper,4.643,14
super,4.642,425
blueberry,4.64,25
counters,4.64,25
favor,4.64,25
pace,4.64,25
coworkers,4.639,36
great,4.639,1668
sooooo,4.639,36
cubano,4.638,337
soo,4.638,47
mousse,4.637,284
seasoned,4.637,91
juices,4.636,22
questions,4.636,22
scare,4.636,22
sweetness,4.636,55
tres,4.636,220
definitely,4.635,603
looks,4.635,126
oj,4.635,52
hands,4.634,101
tiramisu,4.634,93
variety,4.634,131
list,4.633,98
literally,4.633,109
makes,4.633,196
appreciate,4.632,19
brunch,4.632,38
easily,4.632,57
exceptional,4.632,19
wished,4.632,19
ground,4.631,122
san,4.631,84
bay,4.63,127
tart,4.63,281
chocolate,4.629,671
nearby,4.629,35
spinach,4.629,116
buy,4.628,247
balls,4.627,2635
mocha,4.627,67
baked,4.626,412
baguette,4.625,24
croquettes,4.625,288
distance,4.625,16
gf,4.625,16
kids,4.625,32
plantains,4.625,88
slice,4.625,56
spending,4.625,16
winner,4.625,16
occasion,4.623,53
roasted,4.623,69
smoothies,4.623,130
usually,4.622,339
empanadas,4.621,269
light,4.621,153
sliced,4.621,29
juicy,4.619,42
travel,4.619,21
yay,4.619,21
cookies,4.617,206
original,4.617,47
moving,4.616,99
priced,4.616,138
accommodate,4.615,13
cheat,4.615,13
course,4.615,195
delivery,4.615,13
eggs,4.615,13
gigantic,4.615,13
layout,4.615,13
leches,4.615,195
lets,4.615,13
mother,4.615,39
team,4.615,13
tired,4.615,13
plenty,4.614,114
raspberry,4.614,127
breaded,4.613,31
lots,4.613,119
pie,4.613,274
cheap,4.612,361
stuffed,4.612,103
totally,4.612,121
weekend,4.612,121
airy,4.611,18
branch,4.611,18
brother,4.611,36
challenge,4.611,18
cooked,4.611,36
potato,4.611,3054
stock,4.611,18
streudel,4.611,18
surprisingly,4.611,54
vacation,4.611,18
70,4.61,41
chorizo,4.61,100
lovely,4.61,41
porto,4.61,2711
sized,4.61,41
bakeries,4.609,128
em,4.609,23
goes,4.609,184
random,4.609,23
standard,4.609,23
turkey,4.609,128
freaking,4.608,51
coconut,4.607,89
meals,4.607,28
boy,4.606,33
seeing,4.606,33
visits,4.606,33
yummy,4.605,382
forget,4.604,96
recommended,4.604,91
soon,4.604,106
famous,4.603,116
haha,4.603,63
rich,4.603,63
tea,4.603,73
try,4.603,1243
cheesecake,4.601,208
array,4.6,20
art,4.6,15
bakery,4.6,1401
class,4.6,15
deserves,4.6,25
dollars,4.6,25
easy,4.6,90
fav,4.6,20
hurry,4.6,15
indulge,4.6,20
private,4.6,20
serves,4.6,20
tuna,4.6,100
potatoes,4.599,162
car,4.597,77
mustard,4.597,67
pina,4.596,47
crisp,4.595,42
ham,4.595,304
skip,4.595,37
snacks,4.595,37
empanada,4.594,128
fancy,4.594,32
fried,4.594,320
recommendation,4.594,32
flight,4.593,27
holidays,4.593,59
magnolia,4.593,54
seats,4.593,27
weekends,4.593,81
expensive,4.592,49
refreshing,4.592,49
sandwiches,4.592,1318
000,4.591,22
24,4.591,22
brand,4.591,22
evening,4.591,22
fruit,4.591,440
gonna,4.591,44
consider,4.59,39
road,4.59,39
goods,4.589,341
lechon,4.589,107
new,4.589,190
basis,4.588,17
buck,4.588,17
cons,4.588,17
croquette,4.588,177
dark,4.588,17
grand,4.588,17
mixture,4.588,17
steal,4.588,17
ways,4.588,17
win,4.588,17
flaky,4.587,254
shortcake,4.587,46
sweets,4.587,155
99,4.586,29
moment,4.586,29
opening,4.586,29
popularity,4.586,29
miss,4.585,82
room,4.585,65
ate,4.583,127
caprese,4.583,48
carbs,4.583,24
crunchy,4.583,84
eyes,4.583,48
family,4.583,333
faster,4.583,48
living,4.583,36
meringue,4.583,12
prefer,4.582,79
meat,4.58,948
middle,4.58,50
pure,4.579,19
wont,4.579,19
banana,4.578,147
multiple,4.578,45
outstanding,4.578,45
burbank,4.577,690
fit,4.577,26
resist,4.577,26
staff,4.576,427
00,4.575,40
cuban,4.575,966
bistec,4.574,61
dessert,4.573,330
moist,4.573,103
strudel,4.573,218
sweet,4.572,780
amazed,4.571,28
bday,4.571,21
carry,4.571,21
cases,4.571,35
decor,4.571,14
dipped,4.571,14
displays,4.571,14
followed,4.571,14
keeps,4.571,21
load,4.571,14
low,4.571,63
packed,4.571,345
restaurants,4.571,28
skeptical,4.571,14
suck,4.571,14
temp,4.571,14
wise,4.571,21
yellow,4.571,28
creme,4.57,93
hit,4.569,109
pass,4.569,58
crave,4.568,37
far,4.568,227
following,4.568,37
starbucks,4.568,37
works,4.568,37
clean,4.567,134
sandwhich,4.567,30
spots,4.567,30
sugary,4.567,30
salty,4.566,53
soft,4.566,159
week,4.566,122
arrive,4.565,23
berry,4.565,23
driving,4.565,46
easier,4.565,23
golden,4.565,23
matter,4.565,124
coming,4.564,275
house,4.564,94
moved,4.564,133
30am,4.563,16
chili,4.563,16
iced,4.563,103
medium,4.563,16
piece,4.563,48
pit,4.563,16
ridiculously,4.563,48
roll,4.563,467
street,4.563,215
valet,4.563,16
parking,4.561,1094
remember,4.561,107
cuz,4.56,25
enjoying,4.56,25
finished,4.56,25
life,4.56,116
cheaper,4.559,34
including,4.558,43
say,4.558,604
black,4.557,88
com,4.556,36
dang,4.556,18
flavors,4.556,72
happily,4.556,18
law,4.556,18
legit,4.556,18
oreo,4.556,36
picky,4.556,18
signature,4.556,18
cream,4.555,227
loved,4.555,191
wish,4.555,274
crispy,4.554,139
almond,4.553,47
recently,4.553,85
tarts,4.553,123
tasty,4.553,318
opera,4.552,29
expand,4.55,20
flavored,4.55,20
include,4.55,20
area,4.549,481
difficult,4.549,71
french,4.549,51
pan,4.549,162
pastries,4.548,2025
pulled,4.548,42
solid,4.548,42
version,4.548,42
pork,4.547,247
lines,4.546,1249
face,4.545,66
pricey,4.545,22
till,4.545,33
ugh,4.545,22
wonder,4.545,55
especially,4.544,226
bought,4.543,140
yelp,4.543,138
coffee,4.542,522
yes,4.542,260
early,4.541,133
sucks,4.54,50
place,4.539,2939
bright,4.538,13
clam,4.538,13
directly,4.538,13
glazed,4.538,13
gooey,4.538,13
layers,4.538,26
lil,4.538,13
lunches,4.538,13
meal,4.538,158
napoleon,4.538,52
planet,4.538,13
purchased,4.538,26
refugiado,4.538,13
reviewers,4.538,13
send,4.538,13
simply,4.538,91
tried,4.538,656
wedding,4.538,52
cakes,4.537,989
deli,4.537,41
luckily,4.537,41
offer,4.537,95
slightly,4.537,41
90,4.536,56
garlic,4.536,56
minute,4.536,69
portos,4.535,923
colada,4.534,58
pastry,4.534,768
blvd,4.533,15
carne,4.533,15
celebration,4.533,15
chicken,4.533,723
crumb,4.533,15
incredibly,4.533,60
points,4.533,15
posted,4.533,15
rare,4.533,15
salads,4.533,92
stores,4.533,15
touch,4.533,30
value,4.533,45
knows,4.532,62
options,4.532,111
seen,4.532,77
block,4.531,32
eat,4.531,635
hollywood,4.531,64
ll,4.531,533
places,4.531,192
long,4.53,1426
tip,4.53,66
add,4.529,119
factory,4.529,17
hard,4.529,189
hundreds,4.529,17
outer,4.529,17
shops,4.529,17
speed,4.529,17
spicy,4.529,51
bite,4.528,178
consistently,4.528,36
inside,4.528,409
walking,4.528,72
cupcake,4.527,112
milk,4.527,93
ample,4.526,19
greatest,4.526,19
grew,4.526,19
kill,4.526,19
rarely,4.526,19
spectacular,4.526,19
beef,4.525,217
lunch,4.524,594
question,4.524,21
taco,4.524,21
thing,4.524,498
carrot,4.523,86
def,4.522,23
everybody,4.522,23
insanely,4.522,23
loaf,4.522,23
typical,4.522,23
bit,4.521,338
brought,4.521,144
creamy,4.521,117
plantain,4.521,311
dinner,4.52,148
guests,4.52,25
hint,4.52,25
knew,4.52,75
park,4.52,100
pollo,4.52,25
gets,4.519,208
impossible,4.519,27
pretty,4.519,790
shorter,4.519,27
slices,4.519,54
unbelievable,4.519,27
considering,4.518,56
nice,4.518,400
particular,4.517,29
seating,4.517,180
flavorful,4.516,93
jam,4.516,31
suggest,4.516,64
ball,4.515,538
flakey,4.514,35
guys,4.512,43
glendale,4.511,378
things,4.511,454
cause,4.51,51
menu,4.51,335
real,4.509,106
enjoy,4.508,187
fluffy,4.508,61
right,4.508,524
butter,4.507,71
feta,4.507,138
home,4.507,456
pineapple,4.507,75
chip,4.506,79
tons,4.506,81
drinks,4.505,222
man,4.505,101
happy,4.502,211
huge,4.502,325
admit,4.5,30
afraid,4.5,24
apart,4.5,12
areas,4.5,18
balance,4.5,26
bananas,4.5,16
beans,4.5,82
bun,4.5,16
candy,4.5,30
casual,4.5,16
craving,4.5,72
currently,4.5,12
darn,4.5,42
date,4.5,26
dishes,4.5,22
exterior,4.5,18
fat,4.5,54
foot,4.5,20
francisco,4.5,24
hey,4.5,24
larger,4.5,16
lastly,4.5,18
located,4.5,32
lol,4.5,112
mid,4.5,14
mushy,4.5,12
overwhelmed,4.5,36
peppers,4.5,32
pot,4.5,12
pros,4.5,16
roast,4.5,14
satisfied,4.5,42
seconds,4.5,20
shower,4.5,12
sidewalk,4.5,12
sponge,4.5,22
sprinkles,4.5,12
strips,4.5,14
suggested,4.5,22
surprised,4.5,86
tempting,4.5,12
terms,4.5,14
thumbs,4.5,20
topped,4.5,24
vinaigrette,4.5,14
wait,4.5,1106
warm,4.5,118
york,4.5,16
bread,4.499,541
sure,4.498,470
close,4.497,155
friends,4.497,296
location,4.497,581
strawberry,4.497,145
believe,4.496,121
let,4.496,262
sandwich,4.496,1737
boxes,4.495,182
afternoon,4.494,81
stopped,4.494,87
egg,4.493,71
run,4.493,71
day,4.492,516
truly,4.492,61
leaving,4.491,53
local,4.49,49
turnover,4.49,49
later,4.489,137
near,4.488,86
ahead,4.487,80
likely,4.486,35
mayo,4.486,37
chips,4.485,476
plates,4.485,33
wrong,4.485,291
choice,4.484,62
cute,4.484,31
loves,4.484,93
size,4.484,93
thats,4.484,31
85,4.483,29
walk,4.483,180
stay,4.482,56
group,4.481,27
unique,4.481,52
wall,4.481,27
wanna,4.481,27
fell,4.48,25
hungry,4.48,75
normal,4.48,25
damn,4.479,96
tastes,4.479,119
crazy,4.478,230
fan,4.478,201
level,4.478,23
good,4.477,2851
blown,4.476,21
bustling,4.476,21
caramel,4.476,63
dad,4.476,21
friend,4.476,286
grilled,4.476,105
needless,4.476,21
custard,4.475,40
danishes,4.475,59
taken,4.475,40
ambiance,4.474,19
box,4.474,274
busy,4.474,557
display,4.474,97
expect,4.474,133
girls,4.474,19
glaze,4.474,19
sell,4.474,38
eating,4.473,205
foods,4.473,55
large,4.473,184
disneyland,4.472,72
bundt,4.471,17
chewy,4.471,17
cousin,4.471,34
fall,4.471,17
open,4.471,172
cafe,4.469,209
delicate,4.467,15
endless,4.467,30
energy,4.467,15
handful,4.467,15
hole,4.467,15
sounds,4.467,30
various,4.467,30
ve,4.466,1264
50,4.465,86
choices,4.465,71
crunch,4.464,28
decorated,4.464,28
make,4.464,653
sauce,4.464,110
avoid,4.463,54
brulee,4.463,54
true,4.463,54
yeah,4.463,67
basically,4.462,78
basil,4.462,13
bonus,4.462,13
caught,4.462,13
coffees,4.462,26
conan,4.462,13
died,4.462,13
establishment,4.462,39
fully,4.462,13
shaped,4.462,13
wet,4.462,13
time,4.461,1805
reviews,4.46,215
addition,4.459,37
apple,4.459,122
95,4.458,24
dense,4.458,24
doors,4.458,24
drink,4.458,131
mind,4.458,120
self,4.458,24
hate,4.457,70
heading,4.457,35
helped,4.457,81
little,4.457,536
come,4.456,842
door,4.456,215
feel,4.456,195
100,4.455,44
calories,4.455,33
chance,4.455,77
enter,4.455,33
excuse,4.455,22
night,4.455,55
wanting,4.455,33
seat,4.453,53
despite,4.452,73
means,4.452,42
spot,4.452,219
whipped,4.452,31
year,4.451,91
agree,4.45,20
delivered,4.45,20
eats,4.45,20
mexican,4.45,20
soy,4.45,20
visited,4.45,40
prepared,4.449,98
years,4.449,236
cents,4.448,87
downey,4.448,105
mixed,4.448,29
plain,4.448,29
bucks,4.447,47
kid,4.446,65
honestly,4.445,110
line,4.445,2182
feed,4.444,18
mozzarella,4.444,18
particularly,4.444,18
pleased,4.444,18
soooooo,4.444,18
spend,4.444,45
split,4.444,27
doing,4.443,70
lot,4.443,592
ago,4.442,86
authentic,4.442,52
decide,4.441,59
heart,4.44,50
hectic,4.438,32
mash,4.438,32
ropa,4.438,73
sprinkled,4.438,16
window,4.438,16
patience,4.436,39
personally,4.436,39
quite,4.436,163
frosting,4.435,46
manage,4.435,23
bunch,4.434,53
high,4.433,120
need,4.433,372
stopping,4.433,30
cookie,4.432,74
price,4.432,296
spread,4.432,37
vieja,4.432,74
known,4.431,72
similar,4.431,51
texture,4.431,65
actually,4.43,256
extra,4.43,100
free,4.43,172
trying,4.43,193
actual,4.429,42
aside,4.429,28
brown,4.429,21
brownies,4.429,14
checked,4.429,14
chowder,4.429,14
enjoyable,4.429,14
floor,4.429,14
hearty,4.429,14
kind,4.429,205
match,4.429,14
menus,4.429,21
returning,4.429,14
rolled,4.429,28
sense,4.429,21
space,4.429,63
spaces,4.429,14
specialty,4.429,21
story,4.429,35
successful,4.429,14
unlike,4.429,14
won,4.429,184
deep,4.427,75
leave,4.426,136
ones,4.426,108
fun,4.425,40
assortment,4.423,26
count,4.423,26
doubt,4.423,26
pudding,4.423,26
start,4.423,104
taste,4.423,411
10,4.422,249
hours,4.421,140
interior,4.421,19
just,4.421,2011
neighborhood,4.421,38
spent,4.421,38
throw,4.421,19
outside,4.42,231
picking,4.42,50
reason,4.42,176
couple,4.419,186
don,4.419,1165
strong,4.419,31
filling,4.418,285
ahhh,4.417,12
efficiency,4.417,24
fingers,4.417,12
gravy,4.417,12
guide,4.417,12
melting,4.417,12
months,4.417,24
pastrami,4.417,84
pop,4.417,24
thankfully,4.417,12
thanks,4.417,60
tomato,4.417,36
word,4.417,36
feeling,4.415,53
know,4.415,651
really,4.415,1259
total,4.414,58
trouble,4.414,29
yelpers,4.414,29
assorted,4.412,17
careful,4.412,17
indoor,4.412,17
tad,4.412,17
away,4.411,270
crowd,4.411,95
end,4.411,141
usual,4.411,73
white,4.411,90
smile,4.41,61
straight,4.41,39
dish,4.409,22
post,4.409,22
beware,4.407,27
flourless,4.406,32
mix,4.406,32
relatively,4.406,32
stuff,4.406,192
daughter,4.405,42
restaurant,4.404,166
sunday,4.404,89
sister,4.403,72
sitting,4.403,72
want,4.403,586
crowded,4.401,287
like,4.401,1834
bank,4.4,15
brings,4.4,35
closing,4.4,30
item,4.4,120
latin,4.4,25
napolean,4.4,15
ran,4.4,30
save,4.4,40
section,4.4,45
hot,4.399,213
buying,4.397,58
work,4.395,233
comes,4.394,170
going,4.394,528
idea,4.393,56
party,4.393,163
popular,4.393,178
25,4.392,51
waits,4.391,23
came,4.39,362
corner,4.39,59
mentioned,4.39,41
point,4.39,123
satisfying,4.39,41
veggie,4.39,59
guarantee,4.389,18
santa,4.389,18
massive,4.387,31
costs,4.385,13
courteous,4.385,13
entered,4.385,13
entering,4.385,13
jump,4.385,13
minced,4.385,13
owners,4.385,13
pressed,4.385,13
cup,4.384,73
ended,4.384,99
items,4.384,430
think,4.384,508
fairly,4.383,81
eclairs,4.381,21
main,4.381,42
wife,4.38,50
compare,4.379,29
flavor,4.379,224
looking,4.378,156
vegetarian,4.378,37
65,4.375,16
beverage,4.375,16
brownie,4.375,16
btw,4.375,16
dolce,4.375,16
entrance,4.375,16
expected,4.375,72
fair,4.375,48
honest,4.375,32
insane,4.375,48
negative,4.375,32
occasions,4.375,40
tomorrow,4.375,16
workers,4.375,144
food,4.374,1937
finding,4.373,59
non,4.372,43
rush,4.372,78
small,4.372,199
stomach,4.372,43
tomatoes,4.372,43
event,4.371,35
separate,4.371,62
overall,4.37,138
products,4.37,27
dropped,4.368,19
giant,4.368,19
layered,4.368,19
liked,4.366,82
worker,4.366,41
crowds,4.365,74
dine,4.365,52
serve,4.365,63
cost,4.364,55
situation,4.364,33
slow,4.364,55
does,4.362,130
probably,4.362,260
sugar,4.362,141
chaotic,4.361,36
folks,4.361,36
getting,4.36,253
impressed,4.359,64
mins,4.359,39
mouse,4.359,39
atmosphere,4.358,81
tasted,4.358,176
way,4.358,576
14,4.357,14
30pm,4.357,14
begin,4.357,28
bell,4.357,14
beverages,4.357,14
biz_photos,4.357,14
days,4.357,129
ladies,4.357,14
leftovers,4.357,14
state,4.357,14
temperature,4.357,14
yep,4.357,14
bags,4.356,45
building,4.355,62
process,4.355,31
reminded,4.355,31
christmas,4.353,17
dipping,4.353,17
ingredients,4.353,34
pain,4.353,34
stepped,4.353,17
ya,4.353,17
enjoyed,4.351,94
quality,4.351,322
consistency,4.35,20
fly,4.35,20
polite,4.35,20
running,4.35,20
possible,4.349,43
read,4.349,43
dough,4.348,46
glass,4.348,46
opportunity,4.348,23
ordering,4.348,227
rating,4.348,46
able,4.347,118
different,4.347,213
limited,4.346,52
tend,4.346,26
turn,4.346,78
case,4.345,116
note,4.345,55
somewhat,4.345,29
friday,4.343,35
got,4.343,886
layer,4.343,35
kept,4.34,47
ready,4.337,98
served,4.337,101
big,4.334,296
18,4.333,12
35,4.333,12
78,4.333,12
bad,4.333,357
checkers,4.333,12
combined,4.333,12
cubans,4.333,12
deserved,4.333,12
east,4.333,12
fellow,4.333,12
heat,4.333,21
liking,4.333,12
missed,4.333,27
mood,4.333,33
opinion,4.333,45
regardless,4.333,21
snag,4.333,12
soaked,4.333,12
sticks,4.333,15
tough,4.333,36
shop,4.327,55
times,4.327,376
turnovers,4.327,52
bringing,4.326,43
extremely,4.326,138
started,4.325,80
water,4.324,37
people,4.322,938
difference,4.321,28
disappointed,4.321,196
excited,4.321,53
gotten,4.321,53
happen,4.321,28
help,4.321,131
birthday,4.32,241
working,4.32,75
table,4.318,198
volume,4.318,22
check,4.316,133
forward,4.316,38
sight,4.316,19
tasting,4.316,57
deal,4.314,102
bowl,4.313,16
chain,4.313,16
institution,4.313,16
bigger,4.311,61
dining,4.311,61
guess,4.311,106
helping,4.311,45
walked,4.311,90
biggest,4.31,29
heavy,4.31,42
saw,4.31,87
special,4.31,158
tables,4.31,71
asap,4.308,13
constant,4.308,13
content,4.308,13
lax,4.308,13
oily,4.308,13
portion,4.308,39
pumpkin,4.308,26
remarkable,4.308,13
treat,4.308,120
worked,4.308,26
short,4.307,101
generally,4.304,23
meeting,4.304,23
lettuce,4.3,40
lost,4.3,30
mad,4.3,30
members,4.3,20
number,4.299,97
cool,4.297,37
use,4.297,74
mention,4.296,71
11,4.294,34
advance,4.294,34
eclair,4.294,17
greeted,4.294,17
cinnamon,4.292,24
specifically,4.292,24
added,4.29,31
half,4.29,186
rave,4.29,31
strawberries,4.29,31
break,4.289,38
mean,4.288,111
bf,4.286,42
cheesy,4.286,56
husband,4.286,77
review,4.286,276
seafood,4.286,21
shell,4.286,21
tell,4.286,168
thousands,4.286,14
veggies,4.286,28
service,4.285,797
left,4.284,201
person,4.284,148
traffic,4.283,46
20,4.282,170
step,4.282,39
doesn,4.281,192
prepare,4.28,25
watch,4.28,25
coast,4.278,18
croquet,4.278,18
dip,4.278,18
min,4.278,36
oil,4.278,18
kinda,4.277,65
morning,4.275,138
yesterday,4.275,40
98,4.273,22
anyways,4.273,33
double,4.273,33
sides,4.273,44
plate,4.272,92
hand,4.271,59
heard,4.27,137
changed,4.269,26
wrapped,4.269,26
hear,4.268,56
adding,4.267,15
enormous,4.267,15
offers,4.267,15
went,4.266,448
average,4.265,49
catering,4.265,49
annoying,4.263,19
crap,4.263,19
mistake,4.263,19
aren,4.26,77
arrived,4.26,50
dressing,4.259,54
finally,4.259,185
recommendations,4.259,27
rice,4.259,54
bites,4.258,31
raving,4.258,31
regular,4.253,99
thought,4.253,198
look,4.252,270
ordered,4.252,682
allow,4.25,12
asian,4.25,16
catch,4.25,16
eggplant,4.25,12
expecting,4.25,44
finish,4.25,36
hang,4.25,12
hassle,4.25,28
ill,4.25,12
meant,4.25,12
provided,4.25,16
recent,4.25,24
thursday,4.25,12
decided,4.248,133
month,4.244,45
past,4.244,82
better,4.243,485
hearing,4.243,37
pick,4.242,289
weekday,4.242,33
mom,4.241,87
salad,4.241,162
future,4.24,25
interesting,4.24,25
pepper,4.24,25
school,4.24,25
tamale,4.24,25
gone,4.239,67
baby,4.238,42
environment,4.238,21
vanilla,4.238,21
soup,4.237,76
second,4.236,110
16,4.235,17
bc,4.235,17
closed,4.235,17
confused,4.235,17
forever,4.235,51
center,4.233,30
drove,4.233,43
experienced,4.233,30
shredded,4.233,30
missing,4.232,69
card,4.231,13
forgot,4.231,39
isn,4.231,147
ordinary,4.231,13
sound,4.231,26
willing,4.231,39
presentation,4.227,22
cake,4.226,1462
talking,4.226,62
having,4.224,147
said,4.223,354
nuts,4.222,18
star,4.218,170
chose,4.217,23
overly,4.217,46
exactly,4.214,42
im,4.214,42
noisy,4.214,14
request,4.214,14
tops,4.214,14
write,4.214,70
icing,4.211,19
simple,4.211,90
store,4.21,167
return,4.209,67
awhile,4.208,24
portions,4.208,24
sat,4.208,24
didn,4.204,460
needs,4.204,54
assist,4.2,15
demand,4.2,15
machine,4.2,40
saturday,4.2,65
stick,4.2,40
unless,4.2,45
dont,4.197,61
certain,4.19,21
sub,4.19,21
business,4.189,122
stars,4.189,355
fine,4.188,48
loaded,4.188,16
crust,4.187,91
obviously,4.186,43
miles,4.184,38
did,4.183,327
ass,4.182,33
decent,4.182,99
figured,4.182,22
offered,4.182,33
okay,4.182,170
passed,4.182,22
says,4.182,55
30,4.181,149
looked,4.18,122
40,4.179,39
nearly,4.179,28
noticed,4.179,39
experience,4.178,213
longer,4.177,62
happens,4.176,17
numerous,4.176,17
counter,4.174,195
fact,4.173,98
waiting,4.171,287
available,4.169,71
compliment,4.167,12
cook,4.167,12
luck,4.167,36
minus,4.167,12
offering,4.167,12
saying,4.167,72
sizes,4.167,12
major,4.158,19
rest,4.158,57
twice,4.155,71
knowing,4.154,26
learned,4.154,13
order,4.154,1275
pickup,4.154,13
site,4.154,13
tips,4.154,13
office,4.152,66
pieces,4.152,33
took,4.152,231
change,4.15,40
pictures,4.15,20
sort,4.149,67
used,4.149,134
maybe,4.144,181
2nd,4.143,21
earlier,4.143,21
fault,4.143,14
tries,4.143,14
making,4.141,85
style,4.141,71
completely,4.137,51
80,4.136,22
ask,4.134,142
checking,4.133,15
eventually,4.133,15
seasoning,4.133,15
specific,4.133,15
suggestion,4.133,15
vs,4.133,15
cut,4.132,38
appetizers,4.13,23
american,4.129,31
hope,4.129,70
wasn,4.129,295
weeks,4.129,31
picture,4.125,24
prosciutto,4.125,16
jose,4.12,25
late,4.12,50
met,4.118,17
ppl,4.118,17
picked,4.117,60
likes,4.111,18
servers,4.111,45
son,4.111,27
weird,4.111,27
apparently,4.107,28
wanted,4.106,218
eye,4.105,38
hardly,4.105,19
orders,4.104,182
15,4.1,140
decision,4.1,20
sad,4.1,50
today,4.099,171
type,4.098,61
onions,4.097,62
realized,4.097,31
immediately,4.096,52
problem,4.095,84
rushed,4.095,21
seated,4.095,21
bag,4.094,32
server,4.093,43
wouldn,4.093,86
fridge,4.091,33
sign,4.091,33
update,4.091,22
previous,4.087,23
stand,4.087,115
ok,4.085,212
feels,4.083,24
patties,4.083,12
sales,4.083,12
talk,4.083,48
trained,4.083,12
sit,4.078,116
calling,4.077,13
chunks,4.077,13
couldn,4.077,104
salt,4.077,13
raves,4.074,27
fail,4.071,14
garden,4.071,14
hello,4.071,14
masses,4.071,14
minutes,4.071,325
obvious,4.071,14
shot,4.071,14
complain,4.069,29
frozen,4.067,15
helps,4.067,15
repeat,4.067,15
hype,4.064,141
hour,4.063,158
option,4.063,32
pay,4.063,126
taking,4.06,100
book,4.059,17
fuss,4.059,17
old,4.057,53
exception,4.056,18
expectations,4.056,18
general,4.056,18
memorable,4.056,18
tortilla,4.056,18
fix,4.053,38
certainly,4.05,20
watching,4.048,21
hell,4.043,47
kitchen,4.043,23
pre,4.035,57
care,4.034,87
mess,4.033,30
serving,4.032,31
45,4.03,33
job,4.029,68
loud,4.028,72
12,4.02,51
gave,4.007,144
anxious,4.0,13
asking,4.0,27
attack,4.0,12
basic,4.0,12
caesar,4.0,13
community,4.0,14
company,4.0,21
complaint,4.0,29
complaints,4.0,16
fatty,4.0,22
follow,4.0,12
game,4.0,17
loving,4.0,12
needed,4.0,89
paper,4.0,17
quantity,4.0,14
rate,4.0,18
sold,4.0,24
using,4.0,19
wallet,4.0,15
website,4.0,16
weren,4.0,39
guy,3.986,74
takes,3.982,57
normally,3.978,45
smaller,3.978,45
soggy,3.974,39
instead,3.973,113
felt,3.97,67
confusing,3.955,22
handed,3.955,22
important,3.955,22
chaos,3.953,43
fight,3.952,21
ridiculous,3.952,62
didnt,3.95,20
written,3.947,19
wheat,3.944,18
credit,3.941,17
hoping,3.941,17
money,3.94,84
employees,3.936,173
online,3.933,15
writing,3.932,74
unfortunately,3.93,43
success,3.929,14
hyped,3.923,13
lately,3.923,13
telling,3.923,26
giving,3.918,61
anymore,3.917,24
syrup,3.917,12
issue,3.913,46
complete,3.909,22
figure,3.909,33
notice,3.905,21
purchase,3.905,42
stuck,3.905,21
showed,3.895,19
spanish,3.895,19
turned,3.892,37
girl,3.89,82
customer,3.889,253
hopefully,3.889,18
nightmare,3.889,18
numbers,3.889,18
greasy,3.882,51
rated,3.882,17
wants,3.88,25
issues,3.875,16
prior,3.875,16
waited,3.875,96
lose,3.867,15
speak,3.867,30
stupid,3.867,15
kidding,3.864,22
charge,3.857,35
nope,3.857,14
product,3.857,28
shame,3.857,21
based,3.848,33
handle,3.848,33
according,3.846,13
effort,3.846,13
smells,3.846,13
shit,3.842,19
batch,3.833,12
control,3.833,24
dry,3.828,116
healthy,3.824,34
vegan,3.824,17
called,3.822,90
joke,3.813,16
professional,3.813,16
sadly,3.808,26
receive,3.8,15
registers,3.8,15
supposed,3.8,25
zoo,3.8,15
given,3.789,71
placed,3.781,32
customers,3.776,165
barely,3.773,22
lacking,3.773,22
boss,3.769,13
cashiers,3.769,13
happened,3.759,29
cold,3.754,57
explain,3.75,16
mainly,3.75,16
shouldn,3.75,20
standing,3.746,67
cash,3.741,27
gluten,3.714,14
selling,3.714,14
stale,3.714,14
threw,3.714,14
funny,3.706,17
starts,3.692,13
aware,3.688,16
cafeteria,3.688,16
sent,3.688,16
register,3.683,60
cups,3.667,15
explained,3.667,12
holding,3.667,12
trays,3.667,12
hold,3.659,41
conversation,3.65,20
cashier,3.635,52
receipt,3.632,19
awful,3.6,15
mediocre,3.6,20
asked,3.598,179
sour,3.588,17
blocks,3.583,24
answer,3.579,19
clear,3.579,19
bother,3.571,21
alright,3.565,23
lady,3.565,62
told,3.56,207
woman,3.56,25
sorry,3.552,58
services,3.538,13
forgotten,3.533,15
received,3.533,30
understand,3.527,93
sick,3.526,19
owner,3.5,16
realize,3.5,26
clearly,3.48,25
disappointment,3.467,15
suppose,3.462,13
lack,3.455,33
pm,3.438,16
reputation,3.429,14
bland,3.415,41
attention,3.389,36
correct,3.389,18
par,3.385,13
overrated,3.382,34
meh,3.37,27
gross,3.36,25
custom,3.35,40
sheet,3.346,26
employee,3.338,71
attempt,3.333,18
paid,3.333,42
stood,3.333,27
waste,3.316,19
phone,3.31,58
paying,3.296,27
lacked,3.267,15
disgusting,3.25,12
plastic,3.25,16
young,3.25,20
coworker,3.235,17
costco,3.167,12
quarter,3.167,12
horrible,3.143,35
upset,3.143,14
disappointing,3.115,26
design,3.091,22
stated,3.071,14
trash,3.063,16
message,3.0,14
worst,2.95,20
poor,2.864,22
worse,2.762,21
policy,2.692,13
management,2.684,19
terrible,2.6,25
rude,2.593,27
manager,2.581,62
attitude,2.12,25
